{
  "variant": "sqlite-flat",
  "substrate": "sqlite_flat",
  "analysts": 0,
  "duration_s": 90,
  "events_completed": 9000,
  "events_blocked": 0,
  "throughput_eps": 100.0,
  "latency_ms": {
    "p50": 1.0001669870689511,
    "p95": 1.745368738193065,
    "p99": 3.8343570881988853,
    "max": 4.952792078256607,
    "min": 0.11066603474318981
  },
  "rss_mb": {
    "peak": 36.546875,
    "mean": 33.398784722222224
  },
  "cold_start_ms": 1.6172080067917705
}