{
  "variant": "baseline",
  "substrate": "file_share",
  "analysts": 0,
  "duration_s": 90,
  "events_completed": 900,
  "events_blocked": 0,
  "throughput_eps": 10.0,
  "latency_ms": {
    "p50": 5.199041974265128,
    "p95": 10.38481310242787,
    "p99": 16.396713351132348,
    "max": 21.009125048294663,
    "min": 1.0433329734951258
  },
  "rss_mb": {
    "peak": 440.359375,
    "mean": 404.2817708333333
  },
  "cold_start_ms": 0.6297909421846271
}