{
  "variant": "baseline",
  "substrate": "file_share",
  "analysts": 0,
  "duration_s": 90,
  "events_completed": 9000,
  "events_blocked": 0,
  "throughput_eps": 100.0,
  "latency_ms": {
    "p50": 1.2148544192314148,
    "p95": 1.6709538584109396,
    "p99": 1.888497150503099,
    "max": 5.8630420826375484,
    "min": 0.06691704038530588
  },
  "rss_mb": {
    "peak": 29.609375,
    "mean": 29.361805555555556
  },
  "cold_start_ms": 0.8243339834734797
}